student_id,student_name,mentor_id,parent_id,institute_id
100001,Advik Ali,200001,300001,1
100002,Lakshmi Mehta,200002,300002,1
100003,Dinesh Patel,200003,300003,1
100004,Vishal Pillai,200004,300004,1
100005,Advik Verma,200005,300005,1
100006,Gaurav Bose,200006,300006,1
100007,Vikash Arora,200007,300007,1
100008,Kritika Das,200008,300008,1
100009,Aadhya Hussain,200009,300009,1
100010,Anuj Pillai,200010,300010,1
100011,Meera Bansal,200011,300011,1
100012,Girish Mishra,200012,300012,1
100013,Amit Nair,200013,300013,1
100014,Pradeep Yadav,200014,300014,1
100015,Aditi Ahmed,200015,300015,1
100016,Swati Shah,200016,300016,1
100017,Anushka Sen,200017,300017,1
100018,Aishwarya Prasad,200018,300018,1
100019,Uma Arora,200019,300019,1
100020,Aidan Sastry,200020,300020,1
100021,Hemant Joshi,200021,300021,1
100022,Gaurav Patel,200022,300022,1
100023,Meera Ghosh,200023,300023,1
100024,Divya Reddy,200024,300024,1
100025,Kiara Sastry,200025,300025,1
100026,Nisha Naidu,200001,300026,1
100027,Yash Rao,200002,300027,1
100028,Varun Ahmed,200003,300028,1
100029,Ashish Ghosh,200004,300029,1
100030,Meera Rao,200005,300030,1
100031,Ankur Pandey,200006,300031,1
100032,Gaurav Gupta,200007,300032,1
100033,Rashmi Mittal,200008,300033,1
100034,Dhruv Bhattacharya,200009,300034,1
100035,Kiara Varma,200010,300035,1
100036,Rashmi Varma,200011,300036,1
100037,Deepika Goel,200012,300037,1
100038,Harsh Ali,200013,300038,1
100039,Ritu Chandra,200014,300039,1
100040,Urmila Iyer,200015,300040,1
100041,Kritika Jain,200016,300041,1
100042,Anushka Hussain,200017,300042,1
100043,Ankit Bansal,200018,300043,1
100044,Ankur Pillai,200019,300044,1
100045,Raj Nair,200020,300045,1
100046,Sunita Goel,200021,300046,1
100047,Ankur Ahmed,200022,300047,1
100048,Ankur Dutta,200023,300048,1
100049,Shweta Varma,200024,300049,1
100050,Asha Joshi,200025,300050,1
100051,Divya Ghosh,200001,300051,1
100052,Deepak Ahmed,200002,300052,1
100053,Sonal Hussain,200003,300053,1
100054,Suresh Patel,200004,300054,1
100055,Aishwarya Bose,200005,300055,1
100056,Aryan Reddy,200006,300056,1
100057,Varun Ansari,200007,300057,1
100058,Yash Pandey,200008,300058,1
100059,Aanya Shah,200009,300059,1
100060,Nikita Aggarwal,200010,300060,1
100061,Harsh Bhattacharya,200011,300061,1
100062,Amit Ahmed,200012,300062,1
100063,Anjali Hussain,200013,300063,1
100064,Arjun Sastry,200014,300064,1
100065,Tanvi Chopra,200015,300065,1
100066,Sunita Sinha,200016,300066,1
100067,Kiara Dutta,200017,300067,1
100068,Atul Tiwari,200018,300068,1
100069,Kavita Varma,200019,300069,1
100070,Sakshi Chakraborty,200020,300070,1
100071,Asha Aggarwal,200021,300071,1
100072,Aman Mishra,200022,300072,1
100073,Vishal Sen,200023,300073,1
100074,Vishal Mehta,200024,300074,1
100075,Aman Khan,200025,300075,1
100076,Gaurav Kumar,200001,300076,1
100077,Nikhil Kumar,200002,300077,1
100078,Kartik Sastry,200003,300078,1
100079,Kiara Dutta,200004,300079,1
100080,Deepak Bhattacharya,200005,300080,1
100081,Lakshmi Mukherjee,200006,300081,1
100082,Kavya Patel,200007,300082,1
100083,Akshay Pillai,200008,300083,1
100084,Riya Menon,200009,300084,1
100085,Preeti Singh,200010,300085,1
100086,Akash Iyer,200011,300086,1
100087,Archana Aggarwal,200012,300087,1
100088,Devesh Dutta,200013,300088,1
100089,Bhavana Pillai,200014,300089,1
100090,Kartik Ghosh,200015,300090,1
100091,Aman Das,200016,300091,1
100092,Akash Varma,200017,300092,1
100093,Amit Hussain,200018,300093,1
100094,Ashish Menon,200019,300094,1
100095,Simran Kapoor,200020,300095,1
100096,Ananya Chopra,200021,300096,1
100097,Aadhya Nair,200022,300097,1
100098,Shreya Joshi,200023,300098,1
100099,Nisha Ahmed,200024,300099,1
100100,Deepika Arora,200025,300100,1
100101,Kiara Singh,200001,300101,1
100102,Dinesh Pandey,200002,300102,1
100103,Akash Chandra,200003,300103,1
100104,Sonal Chakraborty,200004,300104,1
100105,Akash Bose,200005,300105,1
100106,Avinash Kumar,200006,300106,1
100107,Ankur Aggarwal,200007,300107,1
100108,Asha Bhattacharya,200008,300108,1
100109,Vishal Sinha,200009,300109,1
100110,Abhishek Verma,200010,300110,1
100111,Kavita Chandra,200011,300111,1
100112,Madhuri Kapoor,200012,300112,1
100113,Lakshmi Goel,200013,300113,1
100114,Bhavana Sastry,200014,300114,1
100115,Shreya Pandey,200015,300115,1
100116,Aarav Ghosh,200016,300116,1
100117,Aman Dutta,200017,300117,1
100118,Suresh Goel,200018,300118,1
100119,Pradeep Kumar,200019,300119,1
100120,Rahul Joshi,200020,300120,1
100121,Sagar Dutta,200021,300121,1
100122,Vidya Varma,200022,300122,1
100123,Akshay Sen,200023,300123,1
100124,Kavita Patel,200024,300124,1
100125,Karan Shah,200025,300125,1
100126,Dinesh Sen,200001,300126,1
100127,Kartik Joshi,200002,300127,1
100128,Atul Mishra,200003,300128,1
100129,Ankur Rao,200004,300129,1
100130,Sonal Roy,200005,300130,1
100131,Ananya Verma,200006,300131,1
100132,Meera Gupta,200007,300132,1
100133,Nikhil Ansari,200008,300133,1
100134,Aditya Goel,200009,300134,1
100135,Dinesh Das,200010,300135,1
100136,Tanvi Agarwal,200011,300136,1
100137,Aman Chowdhury,200012,300137,1
100138,Varun Gupta,200013,300138,1
100139,Urmila Sen,200014,300139,1
100140,Rohit Jain,200015,300140,1
100141,Kunal Reddy,200016,300141,1
100142,Pradeep Kapoor,200017,300142,1
100143,Akshay Patel,200018,300143,1
100144,Shweta Sen,200019,300144,1
100145,Vidya Ali,200020,300145,1
100146,Harsh Chopra,200021,300146,1
100147,Rohan Sharma,200022,300147,1
100148,Dinesh Mishra,200023,300148,1
100149,Kavita Ali,200024,300149,1
100150,Kartik Chopra,200025,300150,1
100151,Raj Gupta,200001,300151,1
100152,Kritika Arora,200002,300152,1
100153,Priya Tiwari,200003,300153,1
100154,Gaurav Sharma,200004,300154,1
100155,Rajesh Mishra,200005,300155,1
100156,Anjali Ansari,200006,300156,1
100157,Priya Varma,200007,300157,1
100158,Manisha Dutta,200008,300158,1
100159,Aanya Shah,200009,300159,1
100160,Garima Chandra,200010,300160,1
100161,Aditi Patel,200011,300161,1
100162,Priya Ahmed,200012,300162,1
100163,Riya Sinha,200013,300163,1
100164,Raj Bhattacharya,200014,300164,1
100165,Karan Gupta,200015,300165,1
100166,Aadhya Chakraborty,200016,300166,1
100167,Rahul Pillai,200017,300167,1
100168,Akshay Mishra,200018,300168,1
100169,Kavita Shah,200019,300169,1
100170,Sonal Tiwari,200020,300170,1
100171,Pooja Iyer,200021,300171,1
100172,Tanvi Jain,200022,300172,1
100173,Rohan Sastry,200023,300173,1
100174,Manisha Ali,200024,300174,1
100175,Abhishek Bhattacharya,200025,300175,1
100176,Rashmi Sen,200001,300176,1
100177,Kunal Joshi,200002,300177,1
100178,Rohit Chandra,200003,300178,1
100179,Shreya Das,200004,300179,1
100180,Manisha Kapoor,200005,300180,1
100181,Ritu Chopra,200006,300181,1
100182,Krishna Bose,200007,300182,1
100183,Anushka Hussain,200008,300183,1
100184,Ankur Tiwari,200009,300184,1
100185,Devesh Bansal,200010,300185,1
100186,Aidan Aggarwal,200011,300186,1
100187,Vidya Ansari,200012,300187,1
100188,Sanjay Menon,200013,300188,1
100189,Atul Chowdhury,200014,300189,1
100190,Sneha Iyer,200015,300190,1
100191,Aryan Varma,200016,300191,1
100192,Girish Ansari,200017,300192,1
100193,Hemant Pillai,200018,300193,1
100194,Avinash Chowdhury,200019,300194,1
100195,Ananya Sen,200020,300195,1
100196,Ankit Ghosh,200021,300196,1
100197,Sanjay Sastry,200022,300197,1
100198,Seema Das,200023,300198,1
100199,Tanvi Das,200024,300199,1
100200,Dinesh Mukherjee,200025,300200,1
100201,Madhuri Hussain,200001,300201,1
100202,Aditya Mittal,200002,300202,1
100203,Aishwarya Aggarwal,200003,300203,1
100204,Sakshi Kumar,200004,300204,1
100205,Lakshmi Mittal,200005,300205,1
100206,Pooja Dutta,200006,300206,1
100207,Arjun Bansal,200007,300207,1
100208,Raj Chowdhury,200008,300208,1
100209,Atul Kapoor,200009,300209,1
100210,Rohan Menon,200010,300210,1
100211,Swati Ghosh,200011,300211,1
100212,Ananya Kapoor,200012,300212,1
100213,Rani Ansari,200013,300213,1
100214,Girish Bhattacharya,200014,300214,1
100215,Simran Agarwal,200015,300215,1
100216,Nikita Hussain,200016,300216,1
100217,Rekha Dutta,200017,300217,1
100218,Sidharth Mehta,200018,300218,1
100219,Riya Roy,200019,300219,1
100220,Raj Mishra,200020,300220,1
100221,Preeti Chopra,200021,300221,1
100222,Bhavana Prasad,200022,300222,1
100223,Rajesh Chandra,200023,300223,1
100224,Amit Varma,200024,300224,1
100225,Bhavana Ghosh,200025,300225,1
100226,Akash Goel,200001,300226,1
100227,Pooja Kapoor,200002,300227,1
100228,Pooja Mishra,200003,300228,1
100229,Meera Hussain,200004,300229,1
100230,Madhuri Verma,200005,300230,1
100231,Aanya Ali,200006,300231,1
100232,Pradeep Mehta,200007,300232,1
100233,Hemant Varma,200008,300233,1
100234,Girish Sharma,200009,300234,1
100235,Devesh Sharma,200010,300235,1
100236,Harsh Jain,200011,300236,1
100237,Kavita Shah,200012,300237,1
100238,Sanjay Chowdhury,200013,300238,1
100239,Shweta Reddy,200014,300239,1
100240,Yash Sinha,200015,300240,1
100241,Hemant Chopra,200016,300241,1
100242,Archana Chandra,200017,300242,1
100243,Kunal Bhattacharya,200018,300243,1
100244,Rashmi Khan,200019,300244,1
100245,Aman Chandra,200020,300245,1
100246,Anand Chowdhury,200021,300246,1
100247,Manisha Sinha,200022,300247,1
100248,Vinay Gupta,200023,300248,1
100249,Swati Pillai,200024,300249,1
100250,Anjali Bose,200025,300250,1
100251,Aadhya Menon,200001,300251,1
100252,Archana Pillai,200002,300252,1
100253,Aishwarya Ghosh,200003,300253,1
100254,Rohit Malhotra,200004,300254,1
100255,Vidya Dutta,200005,300255,1
100256,Shreya Pillai,200006,300256,1
100257,Pooja Aggarwal,200007,300257,1
100258,Kartik Das,200008,300258,1
100259,Girish Ghosh,200009,300259,1
100260,Prachi Sharma,200010,300260,1
100261,Pooja Malhotra,200011,300261,1
100262,Kiara Yadav,200012,300262,1
100263,Prachi Mittal,200013,300263,1
100264,Tanvi Agarwal,200014,300264,1
100265,Amit Aggarwal,200015,300265,1
100266,Sneha Sen,200016,300266,1
100267,Anuj Mukherjee,200017,300267,1
100268,Sakshi Sharma,200018,300268,1
100269,Krishna Mehta,200019,300269,1
100270,Nisha Aggarwal,200020,300270,1
100271,Kavita Chandra,200021,300271,1
100272,Simran Sen,200022,300272,1
100273,Riya Ali,200023,300273,1
100274,Priya Chowdhury,200024,300274,1
100275,Meera Tiwari,200025,300275,1
100276,Kritika Shah,200001,300276,1
100277,Manish Shah,200002,300277,1
100278,Devesh Kapoor,200003,300278,1
100279,Meera Ahmed,200004,300279,1
100280,Archana Arora,200005,300280,1
100281,Kritika Reddy,200006,300281,1
100282,Kunal Agarwal,200007,300282,1
100283,Kartik Gupta,200008,300283,1
100284,Vikash Joshi,200009,300284,1
100285,Aditya Hussain,200010,300285,1
100286,Archana Agarwal,200011,300286,1
100287,Simran Mukherjee,200012,300287,1
100288,Prachi Malhotra,200013,300288,1
100289,Karan Mukherjee,200014,300289,1
100290,Aman Iyer,200015,300290,1
100291,Anjali Bhattacharya,200016,300291,1
100292,Aryan Bansal,200017,300292,1
100293,Anushka Aggarwal,200018,300293,1
100294,Vikash Hussain,200019,300294,1
100295,Varsha Sinha,200020,300295,1
100296,Hemant Chakraborty,200021,300296,1
100297,Sakshi Das,200022,300297,1
100298,Urmila Pillai,200023,300298,1
100299,Uma Prasad,200024,300299,1
100300,Abhishek Ali,200025,300300,1
100301,Girish Kapoor,200001,300301,1
100302,Karan Sastry,200002,300302,1
100303,Ashish Aggarwal,200003,300303,1
100304,Vikash Kumar,200004,300304,1
100305,Aarav Menon,200005,300305,1
100306,Nisha Sinha,200006,300306,1
100307,Neha Gupta,200007,300307,1
100308,Krishna Khan,200008,300308,1
100309,Nisha Ghosh,200009,300309,1
100310,Ankur Mehta,200010,300310,1
100311,Aishwarya Chandra,200011,300311,1
100312,Rohit Shah,200012,300312,1
100313,Ajay Bansal,200013,300313,1
100314,Deepika Kumar,200014,300314,1
100315,Ashish Tiwari,200015,300315,1
100316,Sakshi Shah,200016,300316,1
100317,Nisha Tiwari,200017,300317,1
100318,Meera Bose,200018,300318,1
100319,Sakshi Verma,200019,300319,1
100320,Rohit Ali,200020,300320,1
100321,Varsha Goel,200021,300321,1
100322,Amit Mehta,200022,300322,1
100323,Girish Naidu,200023,300323,1
100324,Uma Gupta,200024,300324,1
100325,Shreyas Chakraborty,200025,300325,1
100326,Meera Malhotra,200001,300326,1
100327,Aishwarya Roy,200002,300327,1
100328,Shreyas Yadav,200003,300328,1
100329,Prachi Pandey,200004,300329,1
100330,Ashish Mishra,200005,300330,1
100331,Nisha Roy,200006,300331,1
100332,Kavita Iyer,200007,300332,1
100333,Sanjay Verma,200008,300333,1
100334,Madhuri Pandey,200009,300334,1
100335,Hemant Iyer,200010,300335,1
100336,Akshay Dutta,200011,300336,1
100337,Rekha Singh,200012,300337,1
100338,Tushar Reddy,200013,300338,1
100339,Aishwarya Das,200014,300339,1
100340,Dhruv Mittal,200015,300340,1
100341,Krishna Das,200016,300341,1
100342,Asha Sharma,200017,300342,1
100343,Atul Chopra,200018,300343,1
100344,Tanvi Agarwal,200019,300344,1
100345,Anushka Mehta,200020,300345,1
100346,Sanjay Shah,200021,300346,1
100347,Sidharth Khan,200022,300347,1
100348,Sonal Khan,200023,300348,1
100349,Rekha Mukherjee,200024,300349,1
100350,Lakshmi Ghosh,200025,300350,1
100351,Raj Arora,200001,300351,1
100352,Aman Mittal,200002,300352,1
100353,Prachi Bose,200003,300353,1
100354,Aadhya Joshi,200004,300354,1
100355,Urmila Chandra,200005,300355,1
100356,Deepika Das,200006,300356,1
100357,Priya Mishra,200007,300357,1
100358,Shreya Pandey,200008,300358,1
100359,Anuj Aggarwal,200009,300359,1
100360,Kritika Ansari,200010,300360,1
100361,Aditi Pandey,200011,300361,1
100362,Pallavi Nair,200012,300362,1
100363,Kavita Varma,200013,300363,1
100364,Sidharth Gupta,200014,300364,1
100365,Suresh Chandra,200015,300365,1
100366,Archana Das,200016,300366,1
100367,Tushar Ghosh,200017,300367,1
100368,Deepak Bansal,200018,300368,1
100369,Aparna Bansal,200019,300369,1
100370,Shreyas Goel,200020,300370,1
100371,Vidya Chowdhury,200021,300371,1
100372,Aparna Verma,200022,300372,1
100373,Manisha Dutta,200023,300373,1
100374,Pooja Rao,200024,300374,1
100375,Swati Gupta,200025,300375,1
100376,Harsh Rao,200001,300376,1
100377,Kritika Ali,200002,300377,1
100378,Rohit Patel,200003,300378,1
100379,Sagar Chopra,200004,300379,1
100380,Aanya Gupta,200005,300380,1
100381,Ananya Joshi,200006,300381,1
100382,Radha Pillai,200007,300382,1
100383,Harsh Chakraborty,200008,300383,1
100384,Uma Naidu,200009,300384,1
100385,Ashish Malhotra,200010,300385,1
100386,Abhishek Nair,200011,300386,1
100387,Sidharth Chandra,200012,300387,1
100388,Gaurav Ghosh,200013,300388,1
100389,Shreya Goel,200014,300389,1
100390,Sanjay Joshi,200015,300390,1
100391,Aman Das,200016,300391,1
100392,Urmila Tiwari,200017,300392,1
100393,Nisha Goel,200018,300393,1
100394,Nikita Arora,200019,300394,1
100395,Simran Patel,200020,300395,1
100396,Raj Bhattacharya,200021,300396,1
100397,Uma Joshi,200022,300397,1
100398,Aanya Sastry,200023,300398,1
100399,Meera Agarwal,200024,300399,1
100400,Yash Ali,200025,300400,1
100401,Neha Ansari,200001,300401,1
100402,Yash Yadav,200002,300402,1
100403,Aditya Arora,200003,300403,1
100404,Manisha Hussain,200004,300404,1
100405,Aditya Patel,200005,300405,1
100406,Kunal Das,200006,300406,1
100407,Vishal Reddy,200007,300407,1
100408,Amit Joshi,200008,300408,1
100409,Ritu Menon,200009,300409,1
100410,Devesh Jain,200010,300410,1
100411,Sunita Bose,200011,300411,1
100412,Divya Goel,200012,300412,1
100413,Neha Ali,200013,300413,1
100414,Asha Ghosh,200014,300414,1
100415,Aryan Hussain,200015,300415,1
100416,Ankur Ahmed,200016,300416,1
100417,Tanvi Reddy,200017,300417,1
100418,Rajesh Agarwal,200018,300418,1
100419,Swati Shah,200019,300419,1
100420,Radha Naidu,200020,300420,1
100421,Urmila Nair,200021,300421,1
100422,Archana Naidu,200022,300422,1
100423,Shreyas Sharma,200023,300423,1
100424,Vidya Mehta,200024,300424,1
100425,Aditya Ghosh,200025,300425,1
100426,Aparna Menon,200001,300426,1
100427,Arjun Gupta,200002,300427,1
100428,Kunal Roy,200003,300428,1
100429,Anand Aggarwal,200004,300429,1
100430,Raj Ghosh,200005,300430,1
100431,Kavita Ali,200006,300431,1
100432,Urmila Ali,200007,300432,1
100433,Rohan Varma,200008,300433,1
100434,Sidharth Prasad,200009,300434,1
100435,Meera Gupta,200010,300435,1
100436,Kiara Das,200011,300436,1
100437,Lakshmi Reddy,200012,300437,1
100438,Ankur Reddy,200013,300438,1
100439,Ananya Iyer,200014,300439,1
100440,Kavya Shah,200015,300440,1
100441,Anushka Sastry,200016,300441,1
100442,Ajay Rao,200017,300442,1
100443,Akash Mishra,200018,300443,1
100444,Arjun Bhattacharya,200019,300444,1
100445,Aman Hussain,200020,300445,1
100446,Vishal Kapoor,200021,300446,1
100447,Nikhil Ansari,200022,300447,1
100448,Yash Agarwal,200023,300448,1
100449,Deepika Jain,200024,300449,1
100450,Garima Shah,200025,300450,1
100451,Arjun Agarwal,200001,300451,1
100452,Lakshmi Chandra,200002,300452,1
100453,Aanya Malhotra,200003,300453,1
100454,Ananya Jain,200004,300454,1
100455,Sunita Shah,200005,300455,1
100456,Shreyas Das,200006,300456,1
100457,Sonal Chandra,200007,300457,1
100458,Sagar Bose,200008,300458,1
100459,Abhishek Gupta,200009,300459,1
100460,Shreya Varma,200010,300460,1
100461,Akash Mukherjee,200011,300461,1
100462,Riya Naidu,200012,300462,1
100463,Sidharth Khan,200013,300463,1
100464,Anjali Verma,200014,300464,1
100465,Varsha Bansal,200015,300465,1
100466,Arjun Mittal,200016,300466,1
100467,Rani Sinha,200017,300467,1
100468,Shreya Bose,200018,300468,1
100469,Archana Chowdhury,200019,300469,1
100470,Ajay Varma,200020,300470,1
100471,Rohit Das,200021,300471,1
100472,Rohan Mishra,200022,300472,1
100473,Rashmi Menon,200023,300473,1
100474,Manish Pillai,200024,300474,1
100475,Kavita Goel,200025,300475,1
100476,Deepika Naidu,200001,300476,1
100477,Anjali Verma,200002,300477,1
100478,Amit Pillai,200003,300478,1
100479,Dinesh Ali,200004,300479,1
100480,Bhavana Sen,200005,300480,1
100481,Vishal Sen,200006,300481,1
100482,Kavita Shah,200007,300482,1
100483,Priya Sastry,200008,300483,1
100484,Preeti Singh,200009,300484,1
100485,Varsha Tiwari,200010,300485,1
100486,Archana Bhattacharya,200011,300486,1
100487,Aryan Sastry,200012,300487,1
100488,Kritika Patel,200013,300488,1
100489,Tanvi Reddy,200014,300489,1
100490,Girish Mittal,200015,300490,1
100491,Rohit Sen,200016,300491,1
100492,Yash Sastry,200017,300492,1
100493,Aanya Malhotra,200018,300493,1
100494,Nisha Hussain,200019,300494,1
100495,Prachi Yadav,200020,300495,1
100496,Avinash Bansal,200021,300496,1
100497,Anjali Bansal,200022,300497,1
100498,Amit Ali,200023,300498,1
100499,Raj Menon,200024,300499,1
100500,Prachi Chopra,200025,300500,1
100501,Nikita Ahmed,200001,300501,1
100502,Shweta Bhattacharya,200002,300502,1
100503,Akash Bansal,200003,300503,1
100504,Girish Prasad,200004,300504,1
100505,Ankur Verma,200005,300505,1
100506,Sakshi Sastry,200006,300506,1
100507,Sneha Sinha,200007,300507,1
100508,Rekha Mittal,200008,300508,1
100509,Girish Bose,200009,300509,1
100510,Pradeep Pillai,200010,300510,1
100511,Krishna Naidu,200011,300511,1
100512,Sunita Sastry,200012,300512,1
100513,Aditi Mehta,200013,300513,1
100514,Varsha Singh,200014,300514,1
100515,Dhruv Tiwari,200015,300515,1
100516,Hemant Jain,200016,300516,1
100517,Neha Pandey,200017,300517,1
100518,Aarav Roy,200018,300518,1
100519,Garima Jain,200019,300519,1
100520,Swati Khan,200020,300520,1
100521,Suresh Sen,200021,300521,1
100522,Anjali Iyer,200022,300522,1
100523,Rohit Sharma,200023,300523,1
100524,Anjali Pandey,200024,300524,1
100525,Uma Iyer,200025,300525,1
100526,Neha Shah,200001,300526,1
100527,Aanya Pandey,200002,300527,1
100528,Abhishek Ghosh,200003,300528,1
100529,Anushka Pillai,200004,300529,1
100530,Harsh Pillai,200005,300530,1
100531,Sunita Verma,200006,300531,1
100532,Nikita Ali,200007,300532,1
100533,Kritika Mishra,200008,300533,1
100534,Aman Bose,200009,300534,1
100535,Tushar Bose,200010,300535,1
100536,Hemant Yadav,200011,300536,1
100537,Preeti Varma,200012,300537,1
100538,Harsh Patel,200013,300538,1
100539,Karan Arora,200014,300539,1
100540,Yash Bansal,200015,300540,1
100541,Avinash Ansari,200016,300541,1
100542,Shreya Hussain,200017,300542,1
100543,Manisha Bhattacharya,200018,300543,1
100544,Aishwarya Pandey,200019,300544,1
100545,Sagar Kumar,200020,300545,1
100546,Sakshi Rao,200021,300546,1
100547,Meera Chandra,200022,300547,1
100548,Pradeep Bose,200023,300548,1
100549,Kunal Ghosh,200024,300549,1
100550,Aditi Singh,200025,300550,1
100551,Neha Kumar,200001,300551,1
100552,Abhishek Sinha,200002,300552,1
100553,Shreya Chandra,200003,300553,1
100554,Sagar Bhattacharya,200004,300554,1
100555,Manish Sinha,200005,300555,1
100556,Sonal Bansal,200006,300556,1
100557,Sagar Patel,200007,300557,1
100558,Pallavi Verma,200008,300558,1
100559,Aidan Aggarwal,200009,300559,1
100560,Sakshi Chakraborty,200010,300560,1
100561,Rahul Reddy,200011,300561,1
100562,Rani Menon,200012,300562,1
100563,Manisha Sinha,200013,300563,1
100564,Aditya Varma,200014,300564,1
100565,Anjali Mishra,200015,300565,1
100566,Vikash Naidu,200016,300566,1
100567,Neha Goel,200017,300567,1
100568,Nikhil Verma,200018,300568,1
100569,Pradeep Tiwari,200019,300569,1
100570,Bhavana Sinha,200020,300570,1
100571,Kunal Sen,200021,300571,1
100572,Aparna Mishra,200022,300572,1
100573,Akshay Chowdhury,200023,300573,1
100574,Ajay Sastry,200024,300574,1
100575,Sonal Reddy,200025,300575,1
100576,Rahul Tiwari,200001,300576,1
100577,Dhruv Mishra,200002,300577,1
100578,Kavya Mehta,200003,300578,1
100579,Aryan Kumar,200004,300579,1
100580,Archana Bose,200005,300580,1
100581,Akshay Mishra,200006,300581,1
100582,Yash Nair,200007,300582,1
100583,Ashish Malhotra,200008,300583,1
100584,Deepak Das,200009,300584,1
100585,Rohan Reddy,200010,300585,1
100586,Sagar Prasad,200011,300586,1
100587,Seema Ali,200012,300587,1
100588,Kritika Dutta,200013,300588,1
100589,Kunal Mukherjee,200014,300589,1
100590,Rahul Naidu,200015,300590,1
100591,Shreya Ansari,200016,300591,1
100592,Shweta Nair,200017,300592,1
100593,Divya Arora,200018,300593,1
100594,Karan Singh,200019,300594,1
100595,Radha Sen,200020,300595,1
100596,Atul Chakraborty,200021,300596,1
100597,Krishna Verma,200022,300597,1
100598,Kartik Das,200023,300598,1
100599,Rohit Verma,200024,300599,1
100600,Sagar Yadav,200025,300600,1
100601,Rohan Singh,200001,300601,1
100602,Sonal Reddy,200002,300602,1
100603,Raj Verma,200003,300603,1
100604,Kritika Sharma,200004,300604,1
100605,Archana Khan,200005,300605,1
100606,Deepika Jain,200006,300606,1
100607,Krishna Mukherjee,200007,300607,1
100608,Girish Khan,200008,300608,1
100609,Sakshi Prasad,200009,300609,1
100610,Amit Sharma,200010,300610,1
100611,Kiara Bansal,200011,300611,1
100612,Asha Ansari,200012,300612,1
100613,Lakshmi Tiwari,200013,300613,1
100614,Akash Aggarwal,200014,300614,1
100615,Aishwarya Prasad,200015,300615,1
100616,Anjali Shah,200016,300616,1
100617,Varsha Dutta,200017,300617,1
100618,Aditya Bose,200018,300618,1
100619,Atul Bansal,200019,300619,1
100620,Riya Agarwal,200020,300620,1
100621,Lakshmi Bhattacharya,200021,300621,1
100622,Garima Sastry,200022,300622,1
100623,Tushar Reddy,200023,300623,1
100624,Tushar Dutta,200024,300624,1
100625,Raj Mukherjee,200025,300625,1
100626,Aditya Nair,200001,300626,1
100627,Madhuri Ali,200002,300627,1
100628,Pradeep Kumar,200003,300628,1
100629,Lakshmi Ahmed,200004,300629,1
100630,Hemant Chandra,200005,300630,1
100631,Bhavana Gupta,200006,300631,1
100632,Swati Mishra,200007,300632,1
100633,Hemant Naidu,200008,300633,1
100634,Nisha Mukherjee,200009,300634,1
100635,Arjun Kumar,200010,300635,1
100636,Aditi Joshi,200011,300636,1
100637,Aidan Arora,200012,300637,1
100638,Manish Tiwari,200013,300638,1
100639,Swati Mukherjee,200014,300639,1
100640,Aditi Hussain,200015,300640,1
100641,Krishna Yadav,200016,300641,1
100642,Ajay Mishra,200017,300642,1
100643,Asha Reddy,200018,300643,1
100644,Rashmi Ali,200019,300644,1
100645,Rani Mishra,200020,300645,1
100646,Sidharth Chowdhury,200021,300646,1
100647,Radha Chakraborty,200022,300647,1
100648,Anushka Ahmed,200023,300648,1
100649,Anushka Pillai,200024,300649,1
100650,Varun Joshi,200025,300650,1
100651,Archana Verma,200001,300651,1
100652,Kavita Joshi,200002,300652,1
100653,Sakshi Sinha,200003,300653,1
100654,Divya Chowdhury,200004,300654,1
100655,Priya Das,200005,300655,1
100656,Deepak Yadav,200006,300656,1
100657,Meera Rao,200007,300657,1
100658,Aman Sastry,200008,300658,1
100659,Radha Bose,200009,300659,1
100660,Advik Bansal,200010,300660,1
100661,Aditi Jain,200011,300661,1
100662,Harsh Ansari,200012,300662,1
100663,Radha Nair,200013,300663,1
100664,Yash Bansal,200014,300664,1
100665,Radha Reddy,200015,300665,1
100666,Seema Kumar,200016,300666,1
100667,Tushar Reddy,200017,300667,1
100668,Pooja Varma,200018,300668,1
100669,Lakshmi Shah,200019,300669,1
100670,Dinesh Malhotra,200020,300670,1
100671,Sunita Nair,200021,300671,1
100672,Karan Ansari,200022,300672,1
100673,Pallavi Das,200023,300673,1
100674,Abhishek Joshi,200024,300674,1
100675,Kavya Shah,200025,300675,1
100676,Aman Das,200001,300676,1
100677,Atul Das,200002,300677,1
100678,Ankur Pandey,200003,300678,1
100679,Pallavi Kumar,200004,300679,1
100680,Nikita Chopra,200005,300680,1
100681,Rahul Bose,200006,300681,1
100682,Ankit Arora,200007,300682,1
100683,Harsh Roy,200008,300683,1
100684,Rahul Sen,200009,300684,1
100685,Shreya Sen,200010,300685,1
100686,Abhishek Verma,200011,300686,1
100687,Kunal Iyer,200012,300687,1
100688,Sunita Menon,200013,300688,1
100689,Uma Kumar,200014,300689,1
100690,Manish Varma,200015,300690,1
100691,Sagar Ghosh,200016,300691,1
100692,Bhavana Ansari,200017,300692,1
100693,Hemant Jain,200018,300693,1
100694,Sonal Singh,200019,300694,1
100695,Tushar Bansal,200020,300695,1
100696,Divya Chopra,200021,300696,1
100697,Pallavi Mehta,200022,300697,1
100698,Sunita Joshi,200023,300698,1
100699,Karan Arora,200024,300699,1
100700,Bhavana Rao,200025,300700,1
100701,Vidya Dutta,200001,300701,1
100702,Suresh Varma,200002,300702,1
100703,Vishal Chandra,200003,300703,1
100704,Ashish Sastry,200004,300704,1
100705,Uma Gupta,200005,300705,1
100706,Amit Gupta,200006,300706,1
100707,Aparna Kapoor,200007,300707,1
100708,Vidya Rao,200008,300708,1
100709,Sidharth Rao,200009,300709,1
100710,Aparna Tiwari,200010,300710,1
100711,Lakshmi Naidu,200011,300711,1
100712,Nikita Ghosh,200012,300712,1
100713,Anuj Singh,200013,300713,1
100714,Sagar Menon,200014,300714,1
100715,Shreya Kapoor,200015,300715,1
100716,Varsha Bansal,200016,300716,1
100717,Pallavi Pandey,200017,300717,1
100718,Rashmi Jain,200018,300718,1
100719,Sonal Sen,200019,300719,1
100720,Manish Aggarwal,200020,300720,1
100721,Asha Mittal,200021,300721,1
100722,Lakshmi Bansal,200022,300722,1
100723,Akash Joshi,200023,300723,1
100724,Vidya Menon,200024,300724,1
100725,Ashish Pandey,200025,300725,1
100726,Kavya Hussain,200001,300726,1
100727,Sidharth Bose,200002,300727,1
100728,Sneha Tiwari,200003,300728,1
100729,Aanya Verma,200004,300729,1
100730,Sonal Ghosh,200005,300730,1
100731,Dhruv Chandra,200006,300731,1
100732,Ananya Singh,200007,300732,1
100733,Sneha Sinha,200008,300733,1
100734,Neha Dutta,200009,300734,1
100735,Anand Pillai,200010,300735,1
100736,Karan Ahmed,200011,300736,1
100737,Seema Iyer,200012,300737,1
100738,Aditi Iyer,200013,300738,1
100739,Vinay Sen,200014,300739,1
100740,Rahul Sen,200015,300740,1
100741,Anjali Nair,200016,300741,1
100742,Seema Sen,200017,300742,1
100743,Vidya Naidu,200018,300743,1
100744,Arjun Patel,200019,300744,1
100745,Radha Mishra,200020,300745,1
100746,Seema Bansal,200021,300746,1
100747,Yash Bose,200022,300747,1
100748,Sonal Gupta,200023,300748,1
100749,Aidan Jain,200024,300749,1
100750,Simran Chakraborty,200025,300750,1
100751,Deepika Sinha,200001,300751,1
100752,Manish Prasad,200002,300752,1
100753,Divya Iyer,200003,300753,1
100754,Urmila Mishra,200004,300754,1
100755,Pallavi Bhattacharya,200005,300755,1
100756,Simran Sharma,200006,300756,1
100757,Prachi Naidu,200007,300757,1
100758,Rohan Chandra,200008,300758,1
100759,Preeti Chowdhury,200009,300759,1
100760,Yash Mukherjee,200010,300760,1
100761,Aparna Ansari,200011,300761,1
100762,Deepak Singh,200012,300762,1
100763,Divya Chakraborty,200013,300763,1
100764,Deepika Naidu,200014,300764,1
100765,Aidan Bhattacharya,200015,300765,1
100766,Devesh Sharma,200016,300766,1
100767,Pooja Menon,200017,300767,1
100768,Rohan Chowdhury,200018,300768,1
100769,Rohan Bose,200019,300769,1
100770,Ritu Ahmed,200020,300770,1
100771,Atul Jain,200021,300771,1
100772,Vikash Pandey,200022,300772,1
100773,Sunita Nair,200023,300773,1
100774,Garima Ghosh,200024,300774,1
100775,Swati Yadav,200025,300775,1
100776,Vidya Mukherjee,200001,300776,1
100777,Harsh Mittal,200002,300777,1
100778,Kritika Tiwari,200003,300778,1
100779,Pallavi Kapoor,200004,300779,1
100780,Pooja Mukherjee,200005,300780,1
100781,Tanvi Ahmed,200006,300781,1
100782,Neha Shah,200007,300782,1
100783,Rashmi Yadav,200008,300783,1
100784,Krishna Gupta,200009,300784,1
100785,Pallavi Verma,200010,300785,1
100786,Sakshi Varma,200011,300786,1
100787,Ritu Mukherjee,200012,300787,1
100788,Devesh Dutta,200013,300788,1
100789,Tanvi Chowdhury,200014,300789,1
100790,Bhavana Patel,200015,300790,1
100791,Harsh Singh,200016,300791,1
100792,Aditya Mehta,200017,300792,1
100793,Anand Menon,200018,300793,1
100794,Pallavi Mukherjee,200019,300794,1
100795,Ankur Ansari,200020,300795,1
100796,Aarav Sen,200021,300796,1
100797,Rohan Varma,200022,300797,1
100798,Simran Varma,200023,300798,1
100799,Girish Joshi,200024,300799,1
100800,Neha Varma,200025,300800,1
100801,Hemant Verma,200001,300801,1
100802,Varun Ali,200002,300802,1
100803,Avinash Menon,200003,300803,1
100804,Aidan Iyer,200004,300804,1
100805,Garima Ali,200005,300805,1
100806,Aditi Agarwal,200006,300806,1
100807,Uma Sinha,200007,300807,1
100808,Nikhil Joshi,200008,300808,1
100809,Aparna Dutta,200009,300809,1
100810,Bhavana Bose,200010,300810,1
100811,Meera Arora,200011,300811,1
100812,Nikhil Chopra,200012,300812,1
100813,Aparna Goel,200013,300813,1
100814,Aarav Ali,200014,300814,1
100815,Neha Bhattacharya,200015,300815,1
100816,Avinash Prasad,200016,300816,1
100817,Riya Bose,200017,300817,1
100818,Anushka Iyer,200018,300818,1
100819,Avinash Jain,200019,300819,1
100820,Pooja Aggarwal,200020,300820,1
100821,Karan Nair,200021,300821,1
100822,Sagar Hussain,200022,300822,1
100823,Prachi Tiwari,200023,300823,1
100824,Karan Varma,200024,300824,1
100825,Nisha Aggarwal,200025,300825,1
100826,Akshay Shah,200001,300826,1
100827,Nikita Chopra,200002,300827,1
100828,Manisha Bose,200003,300828,1
100829,Nisha Shah,200004,300829,1
100830,Radha Prasad,200005,300830,1
100831,Gaurav Jain,200006,300831,1
100832,Deepika Ghosh,200007,300832,1
100833,Rekha Chowdhury,200008,300833,1
100834,Seema Dutta,200009,300834,1
100835,Girish Aggarwal,200010,300835,1
100836,Tushar Das,200011,300836,1
100837,Anjali Bhattacharya,200012,300837,1
100838,Akash Sen,200013,300838,1
100839,Vinay Dutta,200014,300839,1
100840,Ashish Pandey,200015,300840,1
100841,Asha Naidu,200016,300841,1
100842,Atul Chandra,200017,300842,1
100843,Anushka Bose,200018,300843,1
100844,Ananya Ghosh,200019,300844,1
100845,Suresh Menon,200020,300845,1
100846,Uma Singh,200021,300846,1
100847,Manisha Tiwari,200022,300847,1
100848,Rajesh Goel,200023,300848,1
100849,Dinesh Kapoor,200024,300849,1
100850,Aidan Pillai,200025,300850,1
100851,Nisha Kumar,200001,300851,1
100852,Aman Mukherjee,200002,300852,1
100853,Krishna Menon,200003,300853,1
100854,Hemant Jain,200004,300854,1
100855,Radha Nair,200005,300855,1
100856,Rani Nair,200006,300856,1
100857,Ankur Sastry,200007,300857,1
100858,Ajay Yadav,200008,300858,1
100859,Avinash Dutta,200009,300859,1
100860,Sunita Jain,200010,300860,1
100861,Aarav Hussain,200011,300861,1
100862,Kunal Ghosh,200012,300862,1
100863,Swati Nair,200013,300863,1
100864,Harsh Ghosh,200014,300864,1
100865,Deepika Mittal,200015,300865,1
100866,Deepak Hussain,200016,300866,1
100867,Aidan Sastry,200017,300867,1
100868,Vidya Ansari,200018,300868,1
100869,Harsh Kapoor,200019,300869,1
100870,Anand Sinha,200020,300870,1
100871,Sagar Sinha,200021,300871,1
100872,Harsh Ali,200022,300872,1
100873,Rajesh Das,200023,300873,1
100874,Varun Kapoor,200024,300874,1
100875,Arjun Bose,200025,300875,1
100876,Kritika Ahmed,200001,300876,1
100877,Uma Sinha,200002,300877,1
100878,Lakshmi Tiwari,200003,300878,1
100879,Akshay Chakraborty,200004,300879,1
100880,Rohan Tiwari,200005,300880,1
100881,Ananya Sen,200006,300881,1
100882,Aditya Naidu,200007,300882,1
100883,Tanvi Roy,200008,300883,1
100884,Pradeep Varma,200009,300884,1
100885,Sunita Pandey,200010,300885,1
100886,Rekha Bansal,200011,300886,1
100887,Rani Malhotra,200012,300887,1
100888,Lakshmi Mehta,200013,300888,1
100889,Pallavi Bansal,200014,300889,1
100890,Ananya Sen,200015,300890,1
100891,Rekha Sen,200016,300891,1
100892,Raj Aggarwal,200017,300892,1
100893,Kiara Mishra,200018,300893,1
100894,Sagar Reddy,200019,300894,1
100895,Varun Ahmed,200020,300895,1
100896,Akash Mittal,200021,300896,1
100897,Manisha Sinha,200022,300897,1
100898,Aman Arora,200023,300898,1
100899,Shreyas Kapoor,200024,300899,1
100900,Nikita Agarwal,200025,300900,1
100901,Devesh Ali,200001,300901,1
100902,Dinesh Hussain,200002,300902,1
100903,Lakshmi Chowdhury,200003,300903,1
100904,Rajesh Aggarwal,200004,300904,1
100905,Shweta Joshi,200005,300905,1
100906,Shreya Dutta,200006,300906,1
100907,Nikita Goel,200007,300907,1
100908,Sonal Roy,200008,300908,1
100909,Archana Ahmed,200009,300909,1
100910,Seema Pandey,200010,300910,1
100911,Rahul Pandey,200011,300911,1
100912,Aditi Bhattacharya,200012,300912,1
100913,Dinesh Bansal,200013,300913,1
100914,Karan Sen,200014,300914,1
100915,Neha Bansal,200015,300915,1
100916,Nikhil Mehta,200016,300916,1
100917,Uma Aggarwal,200017,300917,1
100918,Tanvi Varma,200018,300918,1
100919,Madhuri Hussain,200019,300919,1
100920,Preeti Varma,200020,300920,1
100921,Shreya Chopra,200021,300921,1
100922,Divya Jain,200022,300922,1
100923,Garima Dutta,200023,300923,1
100924,Tushar Gupta,200024,300924,1
100925,Akshay Singh,200025,300925,1
100926,Rohan Jain,200001,300926,1
100927,Aman Khan,200002,300927,1
100928,Aarav Kapoor,200003,300928,1
100929,Radha Singh,200004,300929,1
100930,Kavita Roy,200005,300930,1
100931,Aarav Dutta,200006,300931,1
100932,Aadhya Sharma,200007,300932,1
100933,Swati Joshi,200008,300933,1
100934,Suresh Chowdhury,200009,300934,1
100935,Garima Patel,200010,300935,1
100936,Tushar Bansal,200011,300936,1
100937,Devesh Prasad,200012,300937,1
100938,Priya Mittal,200013,300938,1
100939,Anushka Reddy,200014,300939,1
100940,Shreya Bhattacharya,200015,300940,1
100941,Anuj Mehta,200016,300941,1
100942,Manisha Verma,200017,300942,1
100943,Amit Iyer,200018,300943,1
100944,Rani Sen,200019,300944,1
100945,Ananya Rao,200020,300945,1
100946,Anuj Chopra,200021,300946,1
100947,Sidharth Pillai,200022,300947,1
100948,Uma Patel,200023,300948,1
100949,Gaurav Kapoor,200024,300949,1
100950,Meera Gupta,200025,300950,1
100951,Ankur Mittal,200001,300951,1
100952,Avinash Pandey,200002,300952,1
100953,Dhruv Chandra,200003,300953,1
100954,Girish Khan,200004,300954,1
100955,Anjali Tiwari,200005,300955,1
100956,Vinay Aggarwal,200006,300956,1
100957,Manisha Dutta,200007,300957,1
100958,Rani Hussain,200008,300958,1
100959,Anuj Ahmed,200009,300959,1
100960,Suresh Ali,200010,300960,1
100961,Ananya Patel,200011,300961,1
100962,Kritika Kumar,200012,300962,1
100963,Varsha Ansari,200013,300963,1
100964,Shweta Pandey,200014,300964,1
100965,Aditya Mittal,200015,300965,1
100966,Sneha Mehta,200016,300966,1
100967,Tanvi Nair,200017,300967,1
100968,Garima Naidu,200018,300968,1
100969,Anushka Ansari,200019,300969,1
100970,Lakshmi Khan,200020,300970,1
100971,Amit Mittal,200021,300971,1
100972,Raj Khan,200022,300972,1
100973,Dinesh Nair,200023,300973,1
100974,Radha Patel,200024,300974,1
100975,Aarav Tiwari,200025,300975,1
100976,Radha Hussain,200001,300976,1
100977,Archana Jain,200002,300977,1
100978,Avinash Pillai,200003,300978,1
100979,Tanvi Sen,200004,300979,1
100980,Archana Sharma,200005,300980,1
100981,Pradeep Sen,200006,300981,1
100982,Yash Sinha,200007,300982,1
100983,Rani Agarwal,200008,300983,1
100984,Rekha Nair,200009,300984,1
100985,Deepak Sen,200010,300985,1
100986,Vinay Chakraborty,200011,300986,1
100987,Ankur Nair,200012,300987,1
100988,Arjun Mittal,200013,300988,1
100989,Meera Roy,200014,300989,1
100990,Aman Chopra,200015,300990,1
100991,Meera Menon,200016,300991,1
100992,Simran Kumar,200017,300992,1
100993,Madhuri Aggarwal,200018,300993,1
100994,Varsha Prasad,200019,300994,1
100995,Sanjay Patel,200020,300995,1
100996,Kunal Agarwal,200021,300996,1
100997,Prachi Prasad,200022,300997,1
100998,Prachi Das,200023,300998,1
100999,Riya Varma,200024,300999,1
101000,Kunal Pandey,200025,301000,1
101001,Shreyas Pandey,200001,301001,1
101002,Rajesh Pandey,200002,301002,1
101003,Ritu Chowdhury,200003,301003,1
101004,Uma Aggarwal,200004,301004,1
101005,Rani Mittal,200005,301005,1
101006,Radha Shah,200006,301006,1
101007,Vishal Dutta,200007,301007,1
101008,Ankur Ansari,200008,301008,1
101009,Deepak Ghosh,200009,301009,1
101010,Sagar Joshi,200010,301010,1
101011,Rohan Naidu,200011,301011,1
101012,Bhavana Rao,200012,301012,1
101013,Lakshmi Goel,200013,301013,1
101014,Atul Pillai,200014,301014,1
101015,Anjali Das,200015,301015,1
101016,Urmila Iyer,200016,301016,1
101017,Swati Gupta,200017,301017,1
101018,Nisha Dutta,200018,301018,1
101019,Anand Ansari,200019,301019,1
101020,Akshay Sastry,200020,301020,1
101021,Divya Varma,200021,301021,1
101022,Vinay Varma,200022,301022,1
101023,Seema Mishra,200023,301023,1
101024,Archana Agarwal,200024,301024,1
101025,Karan Mehta,200025,301025,1
101026,Sagar Reddy,200001,301026,1
101027,Shreya Ansari,200002,301027,1
101028,Pradeep Sharma,200003,301028,1
101029,Archana Joshi,200004,301029,1
101030,Anushka Shah,200005,301030,1
101031,Pradeep Tiwari,200006,301031,1
101032,Shreya Kapoor,200007,301032,1
101033,Priya Mukherjee,200008,301033,1
101034,Sagar Ahmed,200009,301034,1
101035,Pooja Kumar,200010,301035,1
101036,Aditi Khan,200011,301036,1
101037,Advik Mishra,200012,301037,1
101038,Ankur Chopra,200013,301038,1
101039,Tushar Malhotra,200014,301039,1
101040,Nikhil Sen,200015,301040,1
101041,Shreya Mehta,200016,301041,1
101042,Aishwarya Malhotra,200017,301042,1
101043,Aditya Sastry,200018,301043,1
101044,Rashmi Sharma,200019,301044,1
101045,Sagar Chandra,200020,301045,1
101046,Rani Agarwal,200021,301046,1
101047,Dhruv Mittal,200022,301047,1
101048,Vinay Patel,200023,301048,1
101049,Rahul Pandey,200024,301049,1
101050,Sanjay Shah,200025,301050,1
101051,Kavita Roy,200001,301051,1
101052,Varsha Nair,200002,301052,1
101053,Urmila Shah,200003,301053,1
101054,Priya Ghosh,200004,301054,1
101055,Ankur Khan,200005,301055,1
101056,Vidya Chandra,200006,301056,1
101057,Ankur Jain,200007,301057,1
101058,Asha Aggarwal,200008,301058,1
101059,Asha Malhotra,200009,301059,1
101060,Nisha Bansal,200010,301060,1
101061,Rekha Sinha,200011,301061,1
101062,Vinay Nair,200012,301062,1
101063,Garima Roy,200013,301063,1
101064,Vikash Chopra,200014,301064,1
101065,Neha Jain,200015,301065,1
101066,Manish Das,200016,301066,1
101067,Pradeep Agarwal,200017,301067,1
101068,Bhavana Arora,200018,301068,1
101069,Tanvi Bose,200019,301069,1
101070,Rekha Naidu,200020,301070,1
101071,Rekha Khan,200021,301071,1
101072,Sneha Chopra,200022,301072,1
101073,Vinay Sharma,200023,301073,1
101074,Krishna Gupta,200024,301074,1
101075,Kritika Dutta,200025,301075,1
101076,Divya Ansari,200001,301076,1
101077,Uma Ali,200002,301077,1
101078,Tanvi Bose,200003,301078,1
101079,Vinay Shah,200004,301079,1
101080,Shweta Dutta,200005,301080,1
101081,Swati Hussain,200006,301081,1
101082,Girish Ahmed,200007,301082,1
101083,Swati Kapoor,200008,301083,1
101084,Archana Ali,200009,301084,1
101085,Kunal Gupta,200010,301085,1
101086,Madhuri Yadav,200011,301086,1
101087,Sagar Shah,200012,301087,1
101088,Dhruv Ali,200013,301088,1
101089,Pallavi Prasad,200014,301089,1
101090,Divya Prasad,200015,301090,1
101091,Dhruv Kapoor,200016,301091,1
101092,Vinay Yadav,200017,301092,1
101093,Varsha Dutta,200018,301093,1
101094,Manish Khan,200019,301094,1
101095,Neha Bhattacharya,200020,301095,1
101096,Sonal Naidu,200021,301096,1
101097,Arjun Hussain,200022,301097,1
101098,Ananya Mittal,200023,301098,1
101099,Anuj Jain,200024,301099,1
101100,Aryan Khan,200025,301100,1
101101,Lakshmi Hussain,200001,301101,1
101102,Sneha Bansal,200002,301102,1
101103,Aishwarya Menon,200003,301103,1
101104,Sakshi Kumar,200004,301104,1
101105,Rajesh Bose,200005,301105,1
101106,Nisha Reddy,200006,301106,1
101107,Sneha Pandey,200007,301107,1
101108,Hemant Ahmed,200008,301108,1
101109,Deepak Ghosh,200009,301109,1
101110,Anjali Dutta,200010,301110,1
101111,Kiara Pillai,200011,301111,1
101112,Sidharth Mittal,200012,301112,1
101113,Neha Mishra,200013,301113,1
101114,Vinay Roy,200014,301114,1
101115,Manisha Hussain,200015,301115,1
101116,Aidan Patel,200016,301116,1
101117,Aanya Shah,200017,301117,1
101118,Sagar Ghosh,200018,301118,1
101119,Rohit Arora,200019,301119,1
101120,Ajay Tiwari,200020,301120,1
101121,Kartik Verma,200021,301121,1
101122,Madhuri Verma,200022,301122,1
101123,Kavita Varma,200023,301123,1
101124,Akash Iyer,200024,301124,1
101125,Preeti Chowdhury,200025,301125,1
101126,Rohit Varma,200001,301126,1
101127,Atul Patel,200002,301127,1
101128,Dhruv Mukherjee,200003,301128,1
101129,Arjun Chandra,200004,301129,1
101130,Tushar Naidu,200005,301130,1
101131,Aadhya Agarwal,200006,301131,1
101132,Asha Pillai,200007,301132,1
101133,Shreyas Kumar,200008,301133,1
101134,Raj Verma,200009,301134,1
101135,Anand Pandey,200010,301135,1
101136,Nikita Jain,200011,301136,1
101137,Shweta Hussain,200012,301137,1
101138,Ajay Naidu,200013,301138,1
101139,Aman Chakraborty,200014,301139,1
101140,Abhishek Varma,200015,301140,1
101141,Sagar Yadav,200016,301141,1
101142,Aditya Ali,200017,301142,1
101143,Rohan Prasad,200018,301143,1
101144,Kiara Verma,200019,301144,1
101145,Arjun Hussain,200020,301145,1
101146,Vishal Ahmed,200021,301146,1
101147,Priya Pillai,200022,301147,1
101148,Bhavana Aggarwal,200023,301148,1
101149,Aparna Verma,200024,301149,1
101150,Vikash Sinha,200025,301150,1
101151,Shweta Chowdhury,200001,301151,1
101152,Akshay Tiwari,200002,301152,1
101153,Tushar Sinha,200003,301153,1
101154,Dinesh Iyer,200004,301154,1
101155,Aparna Singh,200005,301155,1
101156,Sidharth Nair,200006,301156,1
101157,Harsh Roy,200007,301157,1
101158,Tushar Agarwal,200008,301158,1
101159,Pooja Jain,200009,301159,1
101160,Uma Menon,200010,301160,1
101161,Swati Naidu,200011,301161,1
101162,Girish Mukherjee,200012,301162,1
101163,Advik Chandra,200013,301163,1
101164,Aarav Goel,200014,301164,1
101165,Aidan Singh,200015,301165,1
101166,Sonal Joshi,200016,301166,1
101167,Riya Chowdhury,200017,301167,1
101168,Anushka Rao,200018,301168,1
101169,Kartik Verma,200019,301169,1
101170,Anushka Bose,200020,301170,1
101171,Aryan Dutta,200021,301171,1
101172,Rashmi Chandra,200022,301172,1
101173,Kunal Chowdhury,200023,301173,1
101174,Preeti Aggarwal,200024,301174,1
101175,Harsh Verma,200025,301175,1
101176,Asha Ghosh,200001,301176,1
101177,Kunal Sastry,200002,301177,1
101178,Ankit Agarwal,200003,301178,1
101179,Anuj Agarwal,200004,301179,1
101180,Sidharth Yadav,200005,301180,1
101181,Divya Reddy,200006,301181,1
101182,Dinesh Ansari,200007,301182,1
101183,Preeti Shah,200008,301183,1
101184,Nikhil Pillai,200009,301184,1
101185,Sunita Kumar,200010,301185,1
101186,Pallavi Bhattacharya,200011,301186,1
101187,Sidharth Ghosh,200012,301187,1
101188,Ananya Roy,200013,301188,1
101189,Rahul Chopra,200014,301189,1
101190,Shweta Patel,200015,301190,1
101191,Gaurav Ali,200016,301191,1
101192,Aidan Agarwal,200017,301192,1
101193,Aidan Mukherjee,200018,301193,1
101194,Rani Bansal,200019,301194,1
101195,Aidan Sen,200020,301195,1
101196,Kritika Pandey,200021,301196,1
101197,Rohan Ahmed,200022,301197,1
101198,Meera Kumar,200023,301198,1
101199,Asha Bose,200024,301199,1
101200,Avinash Mehta,200025,301200,1
101201,Rajesh Kumar,200001,301201,1
101202,Neha Ansari,200002,301202,1
101203,Pooja Verma,200003,301203,1
101204,Aadhya Reddy,200004,301204,1
101205,Krishna Bhattacharya,200005,301205,1
101206,Ritu Prasad,200006,301206,1
101207,Sanjay Reddy,200007,301207,1
101208,Shweta Ansari,200008,301208,1
101209,Deepak Dutta,200009,301209,1
101210,Aryan Agarwal,200010,301210,1
101211,Aanya Mehta,200011,301211,1
101212,Aishwarya Chowdhury,200012,301212,1
101213,Nikhil Agarwal,200013,301213,1
101214,Ritu Ahmed,200014,301214,1
101215,Archana Kapoor,200015,301215,1
101216,Rohan Roy,200016,301216,1
101217,Aryan Khan,200017,301217,1
101218,Anushka Gupta,200018,301218,1
101219,Tushar Menon,200019,301219,1
101220,Shreya Ali,200020,301220,1
101221,Vishal Patel,200021,301221,1
101222,Aditya Iyer,200022,301222,1
101223,Vishal Bhattacharya,200023,301223,1
101224,Rohit Sastry,200024,301224,1
101225,Harsh Joshi,200025,301225,1
101226,Pooja Iyer,200001,301226,1
101227,Pooja Das,200002,301227,1
101228,Kritika Kumar,200003,301228,1
101229,Arjun Ansari,200004,301229,1
101230,Aryan Patel,200005,301230,1
101231,Sagar Ghosh,200006,301231,1
101232,Rekha Shah,200007,301232,1
101233,Shweta Kapoor,200008,301233,1
101234,Nikita Ghosh,200009,301234,1
101235,Asha Verma,200010,301235,1
101236,Ankur Tiwari,200011,301236,1
101237,Dhruv Pandey,200012,301237,1
101238,Amit Khan,200013,301238,1
101239,Pradeep Iyer,200014,301239,1
101240,Ankur Tiwari,200015,301240,1
101241,Garima Sharma,200016,301241,1
101242,Sakshi Sen,200017,301242,1
101243,Anand Ghosh,200018,301243,1
101244,Arjun Shah,200019,301244,1
101245,Akash Ansari,200020,301245,1
101246,Arjun Arora,200021,301246,1
101247,Radha Naidu,200022,301247,1
101248,Vishal Chandra,200023,301248,1
101249,Anjali Sharma,200024,301249,1
101250,Devesh Varma,200025,301250,1
101251,Bhavana Verma,200001,301251,1
101252,Asha Gupta,200002,301252,1
101253,Ananya Chopra,200003,301253,1
101254,Preeti Iyer,200004,301254,1
101255,Aanya Nair,200005,301255,1
101256,Garima Yadav,200006,301256,1
101257,Avinash Mittal,200007,301257,1
101258,Sakshi Bansal,200008,301258,1
101259,Abhishek Prasad,200009,301259,1
101260,Ajay Joshi,200010,301260,1
101261,Rekha Sen,200011,301261,1
101262,Ananya Verma,200012,301262,1
101263,Rani Jain,200013,301263,1
101264,Kavya Varma,200014,301264,1
101265,Aditya Dutta,200015,301265,1
101266,Raj Khan,200016,301266,1
101267,Simran Dutta,200017,301267,1
101268,Priya Bhattacharya,200018,301268,1
101269,Rani Mittal,200019,301269,1
101270,Advik Pandey,200020,301270,1
101271,Advik Ansari,200021,301271,1
101272,Ananya Mukherjee,200022,301272,1
101273,Shweta Chandra,200023,301273,1
101274,Ashish Patel,200024,301274,1
101275,Akshay Aggarwal,200025,301275,1
101276,Swati Ali,200001,301276,1
101277,Girish Mehta,200002,301277,1
101278,Priya Malhotra,200003,301278,1
101279,Harsh Chandra,200004,301279,1
101280,Ritu Chowdhury,200005,301280,1
101281,Urmila Sharma,200006,301281,1
101282,Uma Bhattacharya,200007,301282,1
101283,Vinay Arora,200008,301283,1
101284,Swati Tiwari,200009,301284,1
101285,Sidharth Gupta,200010,301285,1
101286,Akash Mehta,200011,301286,1
101287,Advik Chakraborty,200012,301287,1
101288,Aadhya Mishra,200013,301288,1
101289,Arjun Mishra,200014,301289,1
101290,Manish Singh,200015,301290,1
101291,Aryan Chandra,200016,301291,1
101292,Hemant Shah,200017,301292,1
101293,Anjali Reddy,200018,301293,1
101294,Urmila Patel,200019,301294,1
101295,Nikita Pandey,200020,301295,1
101296,Ashish Ahmed,200021,301296,1
101297,Aishwarya Roy,200022,301297,1
101298,Garima Khan,200023,301298,1
101299,Kritika Sastry,200024,301299,1
101300,Raj Tiwari,200025,301300,1
101301,Bhavana Malhotra,200001,301301,1
101302,Anuj Bhattacharya,200002,301302,1
101303,Shweta Bhattacharya,200003,301303,1
101304,Avinash Sinha,200004,301304,1
101305,Vidya Mehta,200005,301305,1
101306,Sidharth Bansal,200006,301306,1
101307,Ritu Kumar,200007,301307,1
101308,Pradeep Pandey,200008,301308,1
101309,Aditya Verma,200009,301309,1
101310,Sakshi Agarwal,200010,301310,1
101311,Kiara Aggarwal,200011,301311,1
101312,Pradeep Goel,200012,301312,1
101313,Deepak Agarwal,200013,301313,1
101314,Raj Das,200014,301314,1
101315,Divya Menon,200015,301315,1
101316,Rani Yadav,200016,301316,1
101317,Archana Mukherjee,200017,301317,1
101318,Ashish Das,200018,301318,1
101319,Aidan Joshi,200019,301319,1
101320,Manish Goel,200020,301320,1
101321,Aman Mishra,200021,301321,1
101322,Raj Chopra,200022,301322,1
101323,Vikash Verma,200023,301323,1
101324,Varsha Prasad,200024,301324,1
101325,Pallavi Sharma,200025,301325,1
101326,Aparna Chopra,200001,301326,1
101327,Divya Singh,200002,301327,1
101328,Nikhil Kapoor,200003,301328,1
101329,Rohan Chowdhury,200004,301329,1
101330,Kavita Joshi,200005,301330,1
101331,Lakshmi Patel,200006,301331,1
101332,Rajesh Bhattacharya,200007,301332,1
101333,Deepika Singh,200008,301333,1
101334,Aadhya Pillai,200009,301334,1
101335,Krishna Sastry,200010,301335,1
101336,Kavya Patel,200011,301336,1
101337,Dhruv Chopra,200012,301337,1
101338,Anushka Mukherjee,200013,301338,1
101339,Kunal Iyer,200014,301339,1
101340,Sneha Sastry,200015,301340,1
101341,Anushka Varma,200016,301341,1
101342,Garima Reddy,200017,301342,1
101343,Radha Malhotra,200018,301343,1
101344,Aditi Goel,200019,301344,1
101345,Shreya Goel,200020,301345,1
101346,Kartik Bhattacharya,200021,301346,1
101347,Aryan Hussain,200022,301347,1
101348,Amit Sastry,200023,301348,1
101349,Swati Menon,200024,301349,1
101350,Vikash Singh,200025,301350,1
101351,Sunita Menon,200001,301351,1
101352,Uma Aggarwal,200002,301352,1
101353,Nikita Verma,200003,301353,1
101354,Pallavi Gupta,200004,301354,1
101355,Ankit Hussain,200005,301355,1
101356,Garima Chopra,200006,301356,1
101357,Devesh Jain,200007,301357,1
101358,Rohit Verma,200008,301358,1
101359,Kavya Rao,200009,301359,1
101360,Yash Goel,200010,301360,1
101361,Preeti Kumar,200011,301361,1
101362,Raj Sen,200012,301362,1
101363,Tanvi Pandey,200013,301363,1
101364,Sunita Ghosh,200014,301364,1
101365,Anuj Prasad,200015,301365,1
101366,Asha Menon,200016,301366,1
101367,Aryan Bhattacharya,200017,301367,1
101368,Anand Bhattacharya,200018,301368,1
101369,Krishna Dutta,200019,301369,1
101370,Rekha Goel,200020,301370,1
101371,Aparna Roy,200021,301371,1
101372,Aditi Malhotra,200022,301372,1
101373,Rashmi Bansal,200023,301373,1
101374,Aditi Iyer,200024,301374,1
101375,Nisha Aggarwal,200025,301375,1
101376,Dinesh Mukherjee,200001,301376,1
101377,Radha Sharma,200002,301377,1
101378,Nikita Tiwari,200003,301378,1
101379,Sneha Chowdhury,200004,301379,1
101380,Gaurav Jain,200005,301380,1
101381,Ritu Das,200006,301381,1
101382,Meera Ahmed,200007,301382,1
101383,Varsha Varma,200008,301383,1
101384,Devesh Das,200009,301384,1
101385,Rohan Ali,200010,301385,1
101386,Seema Chakraborty,200011,301386,1
101387,Ananya Bose,200012,301387,1
101388,Aman Tiwari,200013,301388,1
101389,Bhavana Ansari,200014,301389,1
101390,Avinash Arora,200015,301390,1
101391,Akash Aggarwal,200016,301391,1
101392,Sanjay Singh,200017,301392,1
101393,Pallavi Arora,200018,301393,1
101394,Radha Ghosh,200019,301394,1
101395,Aishwarya Shah,200020,301395,1
101396,Harsh Reddy,200021,301396,1
101397,Varsha Das,200022,301397,1
101398,Shreyas Chandra,200023,301398,1
101399,Priya Chopra,200024,301399,1
101400,Ritu Chowdhury,200025,301400,1
101401,Krishna Sharma,200001,301401,1
101402,Ananya Chopra,200002,301402,1
101403,Gaurav Varma,200003,301403,1
101404,Ankur Kapoor,200004,301404,1
101405,Aparna Menon,200005,301405,1
101406,Hemant Ansari,200006,301406,1
101407,Shreyas Jain,200007,301407,1
101408,Yash Agarwal,200008,301408,1
101409,Karan Sinha,200009,301409,1
101410,Pallavi Khan,200010,301410,1
101411,Riya Nair,200011,301411,1
101412,Shreya Goel,200012,301412,1
101413,Sanjay Tiwari,200013,301413,1
101414,Urmila Patel,200014,301414,1
101415,Suresh Sastry,200015,301415,1
101416,Tanvi Varma,200016,301416,1
101417,Nikita Naidu,200017,301417,1
101418,Shreyas Kumar,200018,301418,1
101419,Meera Rao,200019,301419,1
101420,Meera Goel,200020,301420,1
101421,Kavya Bansal,200021,301421,1
101422,Akash Sinha,200022,301422,1
101423,Kavita Pandey,200023,301423,1
101424,Deepak Sharma,200024,301424,1
101425,Neha Goel,200025,301425,1
101426,Rashmi Nair,200001,301426,1
101427,Vishal Khan,200002,301427,1
101428,Nikhil Ahmed,200003,301428,1
101429,Ankur Dutta,200004,301429,1
101430,Kavita Yadav,200005,301430,1
101431,Divya Sastry,200006,301431,1
101432,Krishna Patel,200007,301432,1
101433,Bhavana Ali,200008,301433,1
101434,Preeti Sen,200009,301434,1
101435,Ankur Mishra,200010,301435,1
101436,Gaurav Yadav,200011,301436,1
101437,Dinesh Tiwari,200012,301437,1
101438,Prachi Reddy,200013,301438,1
101439,Urmila Joshi,200014,301439,1
101440,Asha Mukherjee,200015,301440,1
101441,Aditya Chandra,200016,301441,1
101442,Shreyas Arora,200017,301442,1
101443,Ankur Nair,200018,301443,1
101444,Rekha Singh,200019,301444,1
101445,Arjun Arora,200020,301445,1
101446,Rekha Bhattacharya,200021,301446,1
101447,Deepika Pandey,200022,301447,1
101448,Hemant Verma,200023,301448,1
101449,Prachi Rao,200024,301449,1
101450,Manish Rao,200025,301450,1
101451,Aarav Das,200001,301451,1
101452,Kiara Hussain,200002,301452,1
101453,Vinay Hussain,200003,301453,1
101454,Sidharth Hussain,200004,301454,1
101455,Arjun Prasad,200005,301455,1
101456,Aishwarya Pillai,200006,301456,1
101457,Riya Mukherjee,200007,301457,1
101458,Aadhya Gupta,200008,301458,1
101459,Deepak Reddy,200009,301459,1
101460,Manish Hussain,200010,301460,1
101461,Advik Naidu,200011,301461,1
101462,Aditya Ahmed,200012,301462,1
101463,Gaurav Chowdhury,200013,301463,1
101464,Nikita Jain,200014,301464,1
101465,Raj Bose,200015,301465,1
101466,Divya Kumar,200016,301466,1
101467,Kunal Joshi,200017,301467,1
101468,Preeti Chakraborty,200018,301468,1
101469,Riya Naidu,200019,301469,1
101470,Nikhil Roy,200020,301470,1
101471,Seema Arora,200021,301471,1
101472,Rajesh Sharma,200022,301472,1
101473,Gaurav Ahmed,200023,301473,1
101474,Dhruv Ahmed,200024,301474,1
101475,Vishal Bose,200025,301475,1
101476,Ankit Reddy,200001,301476,1
101477,Raj Rao,200002,301477,1
101478,Shweta Dutta,200003,301478,1
101479,Yash Singh,200004,301479,1
101480,Ajay Sharma,200005,301480,1
101481,Anuj Shah,200006,301481,1
101482,Sakshi Nair,200007,301482,1
101483,Vikash Goel,200008,301483,1
101484,Nisha Bansal,200009,301484,1
101485,Anuj Naidu,200010,301485,1
101486,Kunal Menon,200011,301486,1
101487,Akshay Chakraborty,200012,301487,1
101488,Vidya Sinha,200013,301488,1
101489,Rohan Patel,200014,301489,1
101490,Krishna Shah,200015,301490,1
101491,Sidharth Arora,200016,301491,1
101492,Hemant Goel,200017,301492,1
101493,Pradeep Khan,200018,301493,1
101494,Neha Chopra,200019,301494,1
101495,Vikash Roy,200020,301495,1
101496,Anuj Mukherjee,200021,301496,1
101497,Lakshmi Agarwal,200022,301497,1
101498,Akshay Verma,200023,301498,1
101499,Vinay Sastry,200024,301499,1
101500,Deepika Verma,200025,301500,1
101501,Deepak Ahmed,200001,301501,1
101502,Karan Varma,200002,301502,1
101503,Sanjay Joshi,200003,301503,1
101504,Shreya Singh,200004,301504,1
101505,Avinash Gupta,200005,301505,1
101506,Radha Naidu,200006,301506,1
101507,Riya Ali,200007,301507,1
101508,Anand Hussain,200008,301508,1
101509,Aarav Jain,200009,301509,1
101510,Nikhil Yadav,200010,301510,1
101511,Vidya Mittal,200011,301511,1
101512,Rahul Mishra,200012,301512,1
101513,Ankit Iyer,200013,301513,1
101514,Shreya Mittal,200014,301514,1
101515,Nisha Mukherjee,200015,301515,1
101516,Aparna Chopra,200016,301516,1
101517,Arjun Chowdhury,200017,301517,1
101518,Ashish Patel,200018,301518,1
101519,Urmila Mukherjee,200019,301519,1
101520,Garima Prasad,200020,301520,1
101521,Shweta Yadav,200021,301521,1
101522,Ankur Ahmed,200022,301522,1
101523,Shreyas Roy,200023,301523,1
101524,Rohan Das,200024,301524,1
101525,Aman Goel,200025,301525,1
101526,Aadhya Khan,200001,301526,1
101527,Akshay Mishra,200002,301527,1
101528,Rohit Sastry,200003,301528,1
101529,Shreyas Yadav,200004,301529,1
101530,Deepika Sen,200005,301530,1
101531,Aarav Varma,200006,301531,1
101532,Suresh Mukherjee,200007,301532,1
101533,Divya Kumar,200008,301533,1
101534,Pooja Aggarwal,200009,301534,1
101535,Meera Singh,200010,301535,1
101536,Vikash Varma,200011,301536,1
101537,Rashmi Aggarwal,200012,301537,1
101538,Sanjay Das,200013,301538,1
101539,Anushka Roy,200014,301539,1
101540,Pooja Shah,200015,301540,1
101541,Ritu Varma,200016,301541,1
101542,Anand Iyer,200017,301542,1
101543,Aditi Sen,200018,301543,1
101544,Amit Sinha,200019,301544,1
101545,Sonal Sen,200020,301545,1
101546,Ajay Sastry,200021,301546,1
101547,Prachi Reddy,200022,301547,1
101548,Gaurav Ghosh,200023,301548,1
101549,Tanvi Ansari,200024,301549,1
101550,Pallavi Sastry,200025,301550,1
101551,Pallavi Das,200001,301551,1
101552,Anand Hussain,200002,301552,1
101553,Aarav Mishra,200003,301553,1
101554,Aishwarya Joshi,200004,301554,1
101555,Nisha Patel,200005,301555,1
101556,Ashish Roy,200006,301556,1
101557,Atul Ali,200007,301557,1
101558,Archana Goel,200008,301558,1
101559,Devesh Shah,200009,301559,1
101560,Kiara Ghosh,200010,301560,1
101561,Atul Mishra,200011,301561,1
101562,Girish Menon,200012,301562,1
101563,Aditya Naidu,200013,301563,1
101564,Hemant Das,200014,301564,1
101565,Kavita Chandra,200015,301565,1
101566,Sidharth Agarwal,200016,301566,1
101567,Vikash Pillai,200017,301567,1
101568,Sonal Ansari,200018,301568,1
101569,Anuj Chandra,200019,301569,1
101570,Deepak Jain,200020,301570,1
101571,Raj Sastry,200021,301571,1
101572,Sonal Nair,200022,301572,1
101573,Varsha Chowdhury,200023,301573,1
101574,Kartik Iyer,200024,301574,1
101575,Neha Das,200025,301575,1
101576,Arjun Menon,200001,301576,1
101577,Nisha Sen,200002,301577,1
101578,Pallavi Ali,200003,301578,1
101579,Devesh Kapoor,200004,301579,1
101580,Manisha Yadav,200005,301580,1
101581,Atul Varma,200006,301581,1
101582,Suresh Dutta,200007,301582,1
101583,Pallavi Shah,200008,301583,1
101584,Tanvi Mukherjee,200009,301584,1
101585,Manisha Ali,200010,301585,1
101586,Riya Agarwal,200011,301586,1
101587,Advik Nair,200012,301587,1
101588,Akash Sastry,200013,301588,1
101589,Devesh Mittal,200014,301589,1
101590,Krishna Naidu,200015,301590,1
101591,Deepika Singh,200016,301591,1
101592,Kiara Hussain,200017,301592,1
101593,Pradeep Das,200018,301593,1
101594,Abhishek Naidu,200019,301594,1
101595,Dinesh Varma,200020,301595,1
101596,Lakshmi Bose,200021,301596,1
101597,Nisha Sastry,200022,301597,1
101598,Raj Nair,200023,301598,1
101599,Manisha Pandey,200024,301599,1
101600,Aarav Ali,200025,301600,1
101601,Kavya Prasad,200001,301601,1
101602,Kritika Rao,200002,301602,1
101603,Seema Chandra,200003,301603,1
101604,Hemant Ahmed,200004,301604,1
101605,Krishna Das,200005,301605,1
101606,Ankur Kumar,200006,301606,1
101607,Avinash Ali,200007,301607,1
101608,Raj Gupta,200008,301608,1
101609,Meera Sen,200009,301609,1
101610,Bhavana Chopra,200010,301610,1
101611,Aadhya Mishra,200011,301611,1
101612,Pallavi Bansal,200012,301612,1
101613,Aryan Pandey,200013,301613,1
101614,Hemant Rao,200014,301614,1
101615,Sneha Bhattacharya,200015,301615,1
101616,Anjali Khan,200016,301616,1
101617,Sunita Mehta,200017,301617,1
101618,Tushar Kumar,200018,301618,1
101619,Rohan Dutta,200019,301619,1
101620,Anushka Yadav,200020,301620,1
101621,Dhruv Sastry,200021,301621,1
101622,Prachi Reddy,200022,301622,1
101623,Kiara Hussain,200023,301623,1
101624,Tanvi Hussain,200024,301624,1
101625,Ankit Sastry,200025,301625,1
101626,Sakshi Aggarwal,200001,301626,1
101627,Aidan Naidu,200002,301627,1
101628,Rani Shah,200003,301628,1
101629,Madhuri Dutta,200004,301629,1
101630,Aanya Chakraborty,200005,301630,1
101631,Sonal Bose,200006,301631,1
101632,Sneha Gupta,200007,301632,1
101633,Aparna Arora,200008,301633,1
101634,Sonal Verma,200009,301634,1
101635,Ashish Ansari,200010,301635,1
101636,Aditya Kumar,200011,301636,1
101637,Akshay Rao,200012,301637,1
101638,Ankur Pillai,200013,301638,1
101639,Dhruv Dutta,200014,301639,1
101640,Aparna Kumar,200015,301640,1
101641,Advik Ghosh,200016,301641,1
101642,Aditi Verma,200017,301642,1
101643,Akash Malhotra,200018,301643,1
101644,Tanvi Kumar,200019,301644,1
101645,Karan Menon,200020,301645,1
101646,Sakshi Rao,200021,301646,1
101647,Riya Pandey,200022,301647,1
101648,Raj Naidu,200023,301648,1
101649,Varun Agarwal,200024,301649,1
101650,Girish Ali,200025,301650,1
101651,Anuj Kumar,200001,301651,1
101652,Sonal Patel,200002,301652,1
101653,Manisha Tiwari,200003,301653,1
101654,Krishna Hussain,200004,301654,1
101655,Rani Iyer,200005,301655,1
101656,Shreyas Chopra,200006,301656,1
101657,Arjun Ali,200007,301657,1
101658,Swati Joshi,200008,301658,1
101659,Kunal Naidu,200009,301659,1
101660,Aadhya Sen,200010,301660,1
101661,Ankit Gupta,200011,301661,1
101662,Vinay Sinha,200012,301662,1
101663,Swati Sen,200013,301663,1
101664,Kunal Kapoor,200014,301664,1
101665,Kiara Menon,200015,301665,1
101666,Ashish Malhotra,200016,301666,1
101667,Abhishek Goel,200017,301667,1
101668,Ankit Malhotra,200018,301668,1
101669,Girish Sen,200019,301669,1
101670,Aparna Sen,200020,301670,1
101671,Krishna Sastry,200021,301671,1
101672,Karan Patel,200022,301672,1
101673,Deepak Chandra,200023,301673,1
101674,Prachi Yadav,200024,301674,1
101675,Akshay Varma,200025,301675,1
101676,Anand Joshi,200001,301676,1
101677,Devesh Pandey,200002,301677,1
101678,Sakshi Mishra,200003,301678,1
101679,Nisha Chandra,200004,301679,1
101680,Vinay Bhattacharya,200005,301680,1
101681,Pooja Pillai,200006,301681,1
101682,Aarav Pandey,200007,301682,1
101683,Gaurav Khan,200008,301683,1
101684,Meera Reddy,200009,301684,1
101685,Ankur Ahmed,200010,301685,1
101686,Simran Ghosh,200011,301686,1
101687,Priya Ansari,200012,301687,1
101688,Sneha Sen,200013,301688,1
101689,Avinash Varma,200014,301689,1
101690,Kartik Jain,200015,301690,1
101691,Karan Ahmed,200016,301691,1
101692,Deepak Kumar,200017,301692,1
101693,Suresh Rao,200018,301693,1
101694,Vishal Chandra,200019,301694,1
101695,Shweta Chandra,200020,301695,1
101696,Aidan Sen,200021,301696,1
101697,Swati Dutta,200022,301697,1
101698,Aparna Ansari,200023,301698,1
101699,Rahul Iyer,200024,301699,1
101700,Hemant Chandra,200025,301700,1
101701,Bhavana Ghosh,200001,301701,1
101702,Rajesh Reddy,200002,301702,1
101703,Akshay Aggarwal,200003,301703,1
101704,Girish Bose,200004,301704,1
101705,Sagar Chopra,200005,301705,1
101706,Vinay Bhattacharya,200006,301706,1
101707,Dinesh Ahmed,200007,301707,1
101708,Priya Gupta,200008,301708,1
101709,Girish Roy,200009,301709,1
101710,Aman Goel,200010,301710,1
101711,Kritika Gupta,200011,301711,1
101712,Tushar Reddy,200012,301712,1
101713,Simran Ghosh,200013,301713,1
101714,Aidan Varma,200014,301714,1
101715,Archana Khan,200015,301715,1
101716,Ritu Goel,200016,301716,1
101717,Raj Varma,200017,301717,1
101718,Radha Chandra,200018,301718,1
101719,Tushar Goel,200019,301719,1
101720,Kritika Chakraborty,200020,301720,1
101721,Priya Yadav,200021,301721,1
101722,Simran Sinha,200022,301722,1
101723,Suresh Jain,200023,301723,1
101724,Divya Mehta,200024,301724,1
101725,Suresh Varma,200025,301725,1
101726,Kiara Bansal,200001,301726,1
101727,Ashish Reddy,200002,301727,1
101728,Akshay Mehta,200003,301728,1
101729,Prachi Ahmed,200004,301729,1
101730,Shreyas Naidu,200005,301730,1
101731,Simran Kapoor,200006,301731,1
101732,Ajay Menon,200007,301732,1
101733,Harsh Gupta,200008,301733,1
101734,Vinay Chandra,200009,301734,1
101735,Arjun Rao,200010,301735,1
101736,Vinay Bansal,200011,301736,1
101737,Ashish Goel,200012,301737,1
101738,Tushar Iyer,200013,301738,1
101739,Deepak Ahmed,200014,301739,1
101740,Anushka Kapoor,200015,301740,1
101741,Varsha Mukherjee,200016,301741,1
101742,Divya Mehta,200017,301742,1
101743,Varsha Bansal,200018,301743,1
101744,Abhishek Sastry,200019,301744,1
101745,Divya Ahmed,200020,301745,1
101746,Shreya Sinha,200021,301746,1
101747,Gaurav Nair,200022,301747,1
101748,Bhavana Patel,200023,301748,1
101749,Devesh Chakraborty,200024,301749,1
101750,Deepika Sinha,200025,301750,1
101751,Avinash Mukherjee,200001,301751,1
101752,Varun Bose,200002,301752,1
101753,Amit Mukherjee,200003,301753,1
101754,Yash Dutta,200004,301754,1
101755,Hemant Naidu,200005,301755,1
101756,Sunita Menon,200006,301756,1
101757,Aditi Chowdhury,200007,301757,1
101758,Kritika Mukherjee,200008,301758,1
101759,Priya Chandra,200009,301759,1
101760,Rohit Jain,200010,301760,1
101761,Simran Ansari,200011,301761,1
101762,Amit Joshi,200012,301762,1
101763,Madhuri Arora,200013,301763,1
101764,Atul Ali,200014,301764,1
101765,Vinay Chakraborty,200015,301765,1
101766,Tushar Agarwal,200016,301766,1
101767,Aparna Kapoor,200017,301767,1
101768,Rekha Reddy,200018,301768,1
101769,Aryan Pillai,200019,301769,1
101770,Madhuri Dutta,200020,301770,1
101771,Uma Reddy,200021,301771,1
101772,Manisha Iyer,200022,301772,1
101773,Rohan Sen,200023,301773,1
101774,Garima Reddy,200024,301774,1
101775,Madhuri Tiwari,200025,301775,1
101776,Shweta Khan,200001,301776,1
101777,Ritu Jain,200002,301777,1
101778,Dinesh Mehta,200003,301778,1
101779,Nisha Chopra,200004,301779,1
101780,Dhruv Bose,200005,301780,1
101781,Prachi Sen,200006,301781,1
101782,Ashish Nair,200007,301782,1
101783,Amit Bansal,200008,301783,1
101784,Varsha Pillai,200009,301784,1
101785,Aman Goel,200010,301785,1
101786,Rahul Verma,200011,301786,1
101787,Deepak Nair,200012,301787,1
101788,Vidya Varma,200013,301788,1
101789,Pallavi Sinha,200014,301789,1
101790,Hemant Malhotra,200015,301790,1
101791,Sakshi Agarwal,200016,301791,1
101792,Akshay Chakraborty,200017,301792,1
101793,Kavya Gupta,200018,301793,1
101794,Abhishek Chopra,200019,301794,1
101795,Rahul Aggarwal,200020,301795,1
101796,Ashish Verma,200021,301796,1
101797,Shweta Iyer,200022,301797,1
101798,Kavita Iyer,200023,301798,1
101799,Urmila Arora,200024,301799,1
101800,Dinesh Khan,200025,301800,1
101801,Amit Sen,200001,301801,1
101802,Preeti Sen,200002,301802,1
101803,Priya Mittal,200003,301803,1
101804,Yash Arora,200004,301804,1
101805,Rashmi Bhattacharya,200005,301805,1
101806,Karan Malhotra,200006,301806,1
101807,Sonal Patel,200007,301807,1
101808,Suresh Joshi,200008,301808,1
101809,Asha Bose,200009,301809,1
101810,Swati Bhattacharya,200010,301810,1
101811,Nisha Das,200011,301811,1
101812,Uma Mukherjee,200012,301812,1
101813,Girish Mishra,200013,301813,1
101814,Manisha Ghosh,200014,301814,1
101815,Shreyas Shah,200015,301815,1
101816,Anjali Nair,200016,301816,1
101817,Ankur Chowdhury,200017,301817,1
101818,Manish Menon,200018,301818,1
101819,Sunita Dutta,200019,301819,1
101820,Anuj Goel,200020,301820,1
101821,Krishna Verma,200021,301821,1
101822,Manisha Ali,200022,301822,1
101823,Anjali Sen,200023,301823,1
101824,Shreyas Pandey,200024,301824,1
101825,Kiara Bhattacharya,200025,301825,1
101826,Garima Ali,200001,301826,1
101827,Sidharth Ali,200002,301827,1
101828,Harsh Ali,200003,301828,1
101829,Karan Kapoor,200004,301829,1
101830,Devesh Aggarwal,200005,301830,1
101831,Deepika Ansari,200006,301831,1
101832,Ankit Verma,200007,301832,1
101833,Vidya Agarwal,200008,301833,1
101834,Shreyas Reddy,200009,301834,1
101835,Sneha Bhattacharya,200010,301835,1
101836,Sneha Malhotra,200011,301836,1
101837,Rashmi Mehta,200012,301837,1
101838,Akash Chakraborty,200013,301838,1
101839,Simran Dutta,200014,301839,1
101840,Suresh Yadav,200015,301840,1
101841,Manisha Ansari,200016,301841,1
101842,Sanjay Shah,200017,301842,1
101843,Pooja Chowdhury,200018,301843,1
101844,Aarav Naidu,200019,301844,1
101845,Raj Chandra,200020,301845,1
101846,Manish Reddy,200021,301846,1
101847,Garima Sen,200022,301847,1
101848,Lakshmi Mittal,200023,301848,1
101849,Vidya Mishra,200024,301849,1
101850,Garima Roy,200025,301850,1
101851,Kiara Menon,200001,301851,1
101852,Radha Iyer,200002,301852,1
101853,Sakshi Malhotra,200003,301853,1
101854,Vinay Naidu,200004,301854,1
101855,Anand Ahmed,200005,301855,1
101856,Lakshmi Sen,200006,301856,1
101857,Rani Arora,200007,301857,1
101858,Dinesh Bansal,200008,301858,1
101859,Aadhya Malhotra,200009,301859,1
101860,Sneha Jain,200010,301860,1
101861,Sneha Tiwari,200011,301861,1
101862,Tanvi Bhattacharya,200012,301862,1
101863,Rajesh Patel,200013,301863,1
101864,Akash Kapoor,200014,301864,1
101865,Simran Rao,200015,301865,1
101866,Sagar Ali,200016,301866,1
101867,Madhuri Reddy,200017,301867,1
101868,Tanvi Sen,200018,301868,1
101869,Priya Sharma,200019,301869,1
101870,Asha Yadav,200020,301870,1
101871,Vinay Bhattacharya,200021,301871,1
101872,Hemant Joshi,200022,301872,1
101873,Pooja Naidu,200023,301873,1
101874,Shweta Ali,200024,301874,1
101875,Anushka Nair,200025,301875,1
101876,Shreya Rao,200001,301876,1
101877,Ashish Rao,200002,301877,1
101878,Rekha Rao,200003,301878,1
101879,Anjali Verma,200004,301879,1
101880,Nikhil Mehta,200005,301880,1
101881,Pooja Varma,200006,301881,1
101882,Pallavi Mittal,200007,301882,1
101883,Meera Das,200008,301883,1
101884,Ritu Chandra,200009,301884,1
101885,Rekha Chopra,200010,301885,1
101886,Advik Jain,200011,301886,1
101887,Akshay Goel,200012,301887,1
101888,Dhruv Chopra,200013,301888,1
101889,Archana Patel,200014,301889,1
101890,Shreyas Sen,200015,301890,1
101891,Advik Ansari,200016,301891,1
101892,Sunita Hussain,200017,301892,1
101893,Anand Goel,200018,301893,1
101894,Amit Varma,200019,301894,1
101895,Nikita Mehta,200020,301895,1
101896,Dinesh Joshi,200021,301896,1
101897,Aishwarya Jain,200022,301897,1
101898,Tushar Chopra,200023,301898,1
101899,Aidan Sastry,200024,301899,1
101900,Pooja Mukherjee,200025,301900,1
101901,Swati Mittal,200001,301901,1
101902,Bhavana Chowdhury,200002,301902,1
101903,Vishal Sinha,200003,301903,1
101904,Aishwarya Ali,200004,301904,1
101905,Sunita Rao,200005,301905,1
101906,Priya Mukherjee,200006,301906,1
101907,Amit Das,200007,301907,1
101908,Radha Menon,200008,301908,1
101909,Deepika Tiwari,200009,301909,1
101910,Aarav Chakraborty,200010,301910,1
101911,Pradeep Joshi,200011,301911,1
101912,Swati Agarwal,200012,301912,1
101913,Seema Mukherjee,200013,301913,1
101914,Aadhya Ansari,200014,301914,1
101915,Neha Sinha,200015,301915,1
101916,Aarav Sen,200016,301916,1
101917,Kavya Menon,200017,301917,1
101918,Rashmi Aggarwal,200018,301918,1
101919,Atul Ali,200019,301919,1
101920,Rani Mehta,200020,301920,1
101921,Anushka Pillai,200021,301921,1
101922,Tushar Hussain,200022,301922,1
101923,Neha Varma,200023,301923,1
101924,Rekha Arora,200024,301924,1
101925,Avinash Jain,200025,301925,1
101926,Asha Rao,200001,301926,1
101927,Vidya Das,200002,301927,1
101928,Nisha Prasad,200003,301928,1
101929,Kavya Pandey,200004,301929,1
101930,Aryan Singh,200005,301930,1
101931,Avinash Patel,200006,301931,1
101932,Meera Jain,200007,301932,1
101933,Preeti Agarwal,200008,301933,1
101934,Amit Bansal,200009,301934,1
101935,Sidharth Kapoor,200010,301935,1
101936,Rekha Tiwari,200011,301936,1
101937,Radha Ghosh,200012,301937,1
101938,Nikhil Verma,200013,301938,1
101939,Akash Mittal,200014,301939,1
101940,Anjali Dutta,200015,301940,1
101941,Garima Arora,200016,301941,1
101942,Rani Agarwal,200017,301942,1
101943,Hemant Khan,200018,301943,1
101944,Raj Ansari,200019,301944,1
101945,Lakshmi Ali,200020,301945,1
101946,Devesh Ghosh,200021,301946,1
101947,Tushar Sastry,200022,301947,1
101948,Shreyas Nair,200023,301948,1
101949,Pooja Chopra,200024,301949,1
101950,Dinesh Sen,200025,301950,1
101951,Karan Mukherjee,200001,301951,1
101952,Kavya Reddy,200002,301952,1
101953,Akshay Kapoor,200003,301953,1
101954,Harsh Rao,200004,301954,1
101955,Pooja Agarwal,200005,301955,1
101956,Kartik Chandra,200006,301956,1
101957,Rajesh Aggarwal,200007,301957,1
101958,Aidan Chandra,200008,301958,1
101959,Nisha Sinha,200009,301959,1
101960,Rahul Ansari,200010,301960,1
101961,Harsh Chopra,200011,301961,1
101962,Anushka Naidu,200012,301962,1
101963,Seema Rao,200013,301963,1
101964,Akash Yadav,200014,301964,1
101965,Anuj Dutta,200015,301965,1
101966,Arjun Roy,200016,301966,1
101967,Manish Sen,200017,301967,1
101968,Sakshi Ahmed,200018,301968,1
101969,Advik Chowdhury,200019,301969,1
101970,Priya Ahmed,200020,301970,1
101971,Karan Gupta,200021,301971,1
101972,Pallavi Das,200022,301972,1
101973,Swati Chowdhury,200023,301973,1
101974,Kavya Bhattacharya,200024,301974,1
101975,Varun Yadav,200025,301975,1
101976,Preeti Ghosh,200001,301976,1
101977,Varsha Sen,200002,301977,1
101978,Aman Chakraborty,200003,301978,1
101979,Sagar Joshi,200004,301979,1
101980,Swati Reddy,200005,301980,1
101981,Aadhya Ansari,200006,301981,1
101982,Preeti Malhotra,200007,301982,1
101983,Abhishek Reddy,200008,301983,1
101984,Manish Ahmed,200009,301984,1
101985,Akshay Dutta,200010,301985,1
101986,Kavya Chakraborty,200011,301986,1
101987,Shweta Sen,200012,301987,1
101988,Abhishek Joshi,200013,301988,1
101989,Rekha Varma,200014,301989,1
101990,Asha Patel,200015,301990,1
101991,Aidan Jain,200016,301991,1
101992,Aidan Arora,200017,301992,1
101993,Sidharth Arora,200018,301993,1
101994,Aidan Bhattacharya,200019,301994,1
101995,Kavita Roy,200020,301995,1
101996,Ananya Reddy,200021,301996,1
101997,Yash Khan,200022,301997,1
101998,Aarav Kapoor,200023,301998,1
101999,Anushka Ghosh,200024,301999,1
102000,Rahul Sen,200025,302000,1
